{"cameraMode":{"drawMode":0,"name":"Shaded","section":"Shading Mode"},"sceneLighting":false,"audioPlay":false,"sceneViewState":{"showFog":true,"showMaterialUpdate":false,"showSkybox":true,"showFlares":true,"showImageEffects":true,"showParticleSystems":true,"showVisualEffectGraphs":true,"m_FxEnabled":true},"in2DMode":false,"pivot":{"x":0.21318340301513673,"y":-0.48334407806396487,"z":0.17998600006103517},"rotation":{"x":-0.09411588311195374,"y":0.8914040327072144,"z":-0.2170170545578003,"w":-0.38658344745635989},"size":7.5006608963012699,"orthographic":false}